product_id,product_name,units_sold
P497,Follow,232
P481,Worry,232
P38,Generation,219
P414,Less,218
P316,Mouth,210
P331,Act,207
P243,Possible,206
P486,Thank,206
P549,More,206
P370,Article,204
P510,Ready,203
P410,Employee,203
P276,Help,203
P31,Board,201
P488,Light,199
P89,South,199
P340,Majority,198
P850,Environment,198
P204,Test,197
P719,Price,197
P139,Important,197
P70,Single,197
P946,Light,197
P375,Office,196
P350,Learn,196
P967,Reduce,196
P841,Morning,195
P430,Feeling,195
P485,Tell,195
P594,Keep,194
P985,Program,193
P445,Question,193
P106,Word,192
P845,Seat,192
P428,Nearly,192
P266,Must,192
P646,Remember,191
P561,Reality,191
P703,Development,191
P601,Someone,191
P555,Run,190
P212,Student,190
P96,Actually,190
P239,Positive,190
P702,Among,190
P207,Everything,189
P927,Energy,189
P920,Smile,189
P27,Than,188
P381,Ago,188
P429,Example,188
P856,Real,188
P115,Yet,188
P986,Writer,187
P628,Note,187
P658,Camera,187
P467,Protect,186
P232,Collection,186
P372,Create,186
P673,Chair,185
P200,Note,185
P677,Draw,185
P433,Level,185
P669,Pick,184
P995,Recent,184
P922,Day,184
P843,Partner,184
P90,Top,184
P135,Cover,184
P695,Authority,184
P23,About,184
P263,Military,184
P335,Over,184
P560,Important,184
P914,Because,184
P805,Like,184
P453,Green,184
P987,Movie,183
P495,Race,183
P661,Onto,183
P977,Mention,183
P228,End,183
P49,Catch,183
P793,Quite,182
P697,Up,182
P78,Purpose,182
P777,Teach,182
P73,Life,182
P698,Down,182
P201,Early,182
P693,Sure,182
P275,Me,181
P749,Building,181
P484,Capital,181
P159,Business,181
P267,The,181
P131,Several,181
P319,Watch,181
P380,Owner,180
P64,Look,180
P260,Page,180
P724,Party,180
P956,Guy,180
P737,Everybody,179
P568,Item,179
P897,Media,179
P684,Happen,179
P563,Unit,179
P556,Responsibility,179
P317,Ready,179
P522,Article,179
P397,Manage,179
P196,Ten,179
P99,Left,179
P377,Player,178
P934,Tend,178
P763,Purpose,178
P168,Color,178
P725,Head,178
P173,Nature,177
P545,Tree,177
P515,Source,177
P471,Drop,177
P762,Charge,177
P819,Say,177
P22,Receive,177
P923,Can,176
P336,World,176
P71,Drug,176
P800,Low,176
P181,Well,176
P732,Population,176
P951,Data,176
P694,Challenge,175
P482,Answer,175
P872,Hot,175
P638,Area,175
P539,Card,175
P416,Into,175
P54,After,175
P949,Feeling,175
P418,Mother,175
P936,Listen,175
P404,Similar,175
P994,Simply,174
P585,Organization,174
P519,Live,174
P688,Resource,174
P345,Over,174
P102,One,174
P618,Successful,174
P108,Partner,174
P233,That,174
P439,Modern,174
P278,See,174
P820,Teacher,174
P837,You,174
P886,Institution,173
P440,Sister,173
P591,Theory,173
P60,Assume,173
P179,Notice,173
P226,Deal,173
P524,Around,172
P747,Truth,172
P5,Two,172
P947,Hotel,172
P188,History,172
P17,Understand,172
P791,Himself,172
P296,Send,172
P597,Agency,172
P271,Line,172
P229,Thing,172
P962,Treat,172
P456,Since,172
P735,Feel,172
P477,Participant,172
P976,Wear,172
P662,Piece,172
P222,Chair,171
P871,Ok,171
P91,Four,171
P574,Key,171
P184,Sign,171
P349,Theory,171
P77,Central,171
P855,Mrs,171
P538,Set,171
P261,Detail,170
P167,Bag,170
P128,Note,170
P608,Coach,170
P277,State,170
P848,Include,170
P988,Mission,170
P234,Study,170
P911,Reason,170
P68,Rock,170
P802,Right,170
P898,Form,170
P444,And,169
P376,Rich,169
P332,Process,169
P562,Economy,169
P8,Coach,169
P421,Couple,169
P80,Long,169
P542,Laugh,169
P315,Hotel,168
P665,Understand,168
P87,Approach,168
P100,Kitchen,168
P206,Smile,168
P807,Realize,168
P612,Down,168
P464,Admit,168
P521,Commercial,168
P356,Recognize,168
P406,South,168
P771,For,168
P176,Opportunity,168
P61,Agreement,167
P191,Part,167
P457,Before,167
P434,Product,167
P708,Hit,167
P974,Pay,167
P675,Song,167
P285,Space,167
P854,Song,167
P401,Southern,167
P537,Until,167
P63,Worry,167
P729,A,167
P533,Against,167
P816,Own,167
P690,Onto,167
P704,Understand,166
P52,Popular,166
P726,Me,166
P734,Become,166
P511,Move,166
P59,Stop,166
P604,Piece,166
P490,Administration,166
P919,College,166
P82,Evening,166
P870,Alone,166
P812,Throughout,166
P40,Character,166
P270,Stuff,166
P126,Left,166
P299,Possible,166
P26,Process,166
P441,Little,165
P624,Interest,165
P174,Speak,165
P219,Fly,165
P111,Free,165
P643,Ball,165
P12,Population,165
P320,Billion,165
P891,Board,165
P981,Easy,165
P117,Action,165
P505,Institution,165
P968,Middle,165
P509,Try,165
P860,Such,165
P654,Factor,165
P32,Only,164
P264,Land,164
P901,Cut,164
P254,At,164
P991,Cut,164
P121,Here,164
P645,Since,164
P655,Identify,164
P164,Quickly,164
P862,Me,164
P933,Remain,163
P496,Statement,163
P395,At,163
P58,Population,163
P912,Special,163
P712,Dream,163
P903,Then,163
P183,Blood,163
P35,Voice,163
P47,Economic,163
P120,Their,163
P605,Detail,163
P290,According,163
P888,Someone,162
P352,Feel,162
P700,Mr,162
P769,Once,162
P534,Whether,162
P761,Turn,162
P21,Discuss,162
P390,Begin,162
P629,Card,162
P327,East,162
P389,Structure,162
P250,What,162
P3,Future,162
P873,Congress,162
P717,Protect,161
P359,Along,161
P722,Information,161
P133,Animal,161
P610,Former,161
P489,Choose,161
P163,Despite,161
P652,Walk,161
P583,Degree,161
P600,Support,161
P344,Gun,161
P575,Friend,161
P210,Exist,161
P24,School,161
P715,National,161
P182,Six,160
P668,Morning,160
P240,Recognize,160
P733,Lawyer,160
P322,Example,160
P961,Member,160
P148,Phone,160
P529,Involve,160
P281,Part,160
P636,Expect,160
P338,Research,160
P613,Matter,159
P283,Mission,159
P963,Group,159
P686,Beat,159
P53,Set,159
P788,Travel,159
P74,Per,159
P865,Into,159
P808,Gun,159
P272,Avoid,159
P55,Cup,159
P710,Kind,159
P913,Staff,159
P65,Fast,159
P39,Cut,159
P753,Thousand,158
P825,Yard,158
P235,Carry,158
P134,Prepare,158
P755,Customer,158
P596,Meeting,158
P224,Hear,158
P723,Without,158
P982,Social,158
P530,Member,158
P926,Quite,158
P112,More,158
P195,Standard,157
P382,Certainly,157
P547,World,157
P768,Arrive,157
P572,Price,157
P779,Probably,157
P631,More,157
P621,National,157
P615,Class,157
P384,Against,157
P523,Clear,157
P720,Month,157
P619,Animal,157
P76,Positive,157
P973,Big,157
P796,Explain,157
P557,Health,157
P145,Time,157
P220,Our,157
P119,Offer,157
P571,Project,156
P590,Room,156
P908,Cost,156
P423,Fear,156
P868,Live,156
P460,Look,156
P92,Eye,156
P959,Only,156
P347,Billion,156
P664,Market,156
P124,Rise,156
P72,Write,156
P554,Between,156
P116,Practice,156
P408,Every,156
P15,Me,156
P536,Attention,156
P313,Tell,156
P573,South,156
P616,Chair,155
P238,Fine,155
P16,Purpose,155
P369,Control,155
P269,Which,155
P809,Author,155
P504,Appear,155
P202,Such,155
P589,Nothing,155
P869,Concern,155
P633,Without,155
P875,Energy,155
P109,Operation,154
P454,Himself,154
P950,Agency,154
P11,Be,154
P625,Box,154
P483,Name,154
P426,Present,154
P305,Perhaps,154
P817,Last,154
P258,Economy,154
P286,Trade,154
P834,Company,154
P984,Worry,154
P739,Less,154
P680,Rise,154
P705,Say,154
P711,Second,154
P236,Avoid,154
P940,Program,154
P363,Material,154
P512,Return,153
P79,Win,153
P797,Statement,153
P567,Provide,153
P766,Collection,153
P887,Yeah,153
P731,Relate,153
P142,Bit,153
P88,Big,153
P558,Institution,153
P699,Air,153
P403,Its,153
P952,Claim,153
P691,Wait,153
P462,Either,153
P199,Every,152
P896,Several,152
P247,Myself,152
P730,Myself,152
P706,Court,152
P14,Each,152
P707,Spring,152
P997,Like,152
P813,So,152
P980,World,152
P334,Scientist,152
P273,Represent,152
P784,Grow,152
P241,Clear,151
P910,Class,151
P678,Pattern,151
P746,True,151
P676,Manage,151
P905,Happen,151
P166,Market,151
P337,Pretty,151
P387,Less,151
P657,Could,151
P318,Something,151
P193,Who,150
P828,Kitchen,150
P476,Across,150
P517,Us,150
P566,Become,150
P151,Sing,150
P551,Someone,150
P944,Recent,150
P51,Trade,150
P830,Too,150
P197,Note,150
P939,Buy,150
P25,Kitchen,150
P683,Leg,150
P970,Fish,150
P532,Arm,150
P853,Notice,150
P569,Behavior,150
P728,Cost,150
P300,Create,150
P221,Much,150
P525,Arm,150
P640,Model,150
P814,Measure,150
P833,Tree,149
P368,Year,149
P971,Imagine,149
P626,Skill,149
P155,Pick,149
P603,Recognize,149
P846,Question,149
P565,Stock,149
P479,Until,149
P125,Project,149
P18,Prove,149
P857,Blue,149
P251,Hit,149
P138,Positive,149
P437,Bit,149
P945,Film,149
P577,Occur,149
P741,Recent,149
P306,Green,149
P256,Six,148
P447,Type,148
P714,Lay,148
P595,Same,148
P799,Play,148
P969,Tv,148
P97,Long,148
P75,Federal,148
P205,South,148
P503,Compare,148
P209,Security,148
P175,To,148
P651,Nearly,148
P584,What,148
P262,Recent,148
P321,Green,148
P249,Law,148
P130,Detail,147
P881,Mother,147
P783,Make,147
P294,Theory,147
P866,Event,147
P867,Because,147
P443,Set,147
P162,Performance,147
P550,Organization,147
P835,Field,147
P230,Ability,147
P998,Say,147
P966,Return,147
P593,Condition,147
P756,Upon,147
P289,Car,147
P764,Company,147
P161,Pay,147
P955,Republican,147
P781,Second,146
P427,Mission,146
P407,Small,146
P246,Size,146
P823,Perform,146
P859,Capital,146
P186,Middle,146
P942,Thing,146
P461,Plan,146
P83,Reach,146
P227,Mother,146
P648,Plant,146
P19,Term,146
P491,Specific,146
P33,List,146
P287,Catch,145
P598,Too,145
P864,Form,145
P314,Source,145
P28,Detail,145
P107,Poor,145
P672,Move,145
P177,Those,145
P758,Wait,145
P804,Fact,145
P667,Special,145
P259,Large,145
P852,Consumer,144
P541,Too,144
P129,Strategy,144
P86,Defense,144
P463,Investment,144
P185,Write,144
P882,Magazine,144
P122,Focus,144
P996,Race,144
P526,Lose,144
P586,Indicate,144
P438,Political,144
P960,Answer,144
P602,Of,143
P581,Change,143
P312,Cover,143
P42,Statement,143
P716,Defense,143
P687,Fight,143
P211,Dinner,143
P149,Tend,143
P157,Seem,143
P231,Me,143
P918,Result,143
P692,Check,143
P420,Manager,143
P308,Relationship,143
P217,Player,143
P528,Threat,143
P364,Range,143
P508,Thus,143
P580,Bit,143
P627,Involve,142
P718,Step,142
P821,Art,142
P282,Because,142
P141,Argue,142
P194,Under,142
P248,Story,142
P150,List,142
P501,Age,142
P154,Outside,142
P877,Truth,142
P255,Price,142
P832,Happen,142
P789,Hard,142
P925,Live,141
P642,A,141
P50,Wonder,141
P587,Adult,141
P346,Resource,141
P829,Story,141
P902,Sell,141
P146,Interest,141
P353,Key,141
P932,South,141
P81,Player,141
P171,Kitchen,141
P69,Manage,141
P767,Phone,141
P13,Power,141
P894,Past,141
P158,Whom,141
P992,Summer,141
P674,Threat,141
P478,High,141
P343,Under,141
P244,Story,141
P355,Dream,140
P743,Score,140
P192,Success,140
P765,Great,140
P592,Send,140
P371,Anyone,140
P103,Bit,140
P302,Miss,140
P578,Amount,140
P917,Significant,140
P4,Investment,140
P237,Eat,140
P514,Effort,140
P455,Set,140
P288,Agreement,140
P329,Into,140
P842,Plant,140
P696,Party,139
P751,Local,139
P681,Ok,139
P671,Not,139
P326,Young,139
P398,Man,139
P552,Interesting,139
P709,Still,139
P388,Child,139
P268,Theory,139
P527,Character,139
P744,Grow,139
P297,Civil,139
P660,Project,139
P844,Thing,138
P863,Action,138
P564,Real,138
P425,Event,138
P101,Read,138
P599,Develop,138
P941,Media,138
P84,Significant,138
P413,Western,138
P459,Conference,138
P62,Huge,138
P452,Specific,138
P339,Care,138
P156,Hot,138
P742,Mouth,138
P295,Community,138
P187,Process,137
P189,Himself,137
P752,Start,137
P878,Stock,137
P935,Democrat,137
P883,Believe,137
P611,Central,137
P682,Talk,137
P518,Task,137
P849,Quite,137
P924,Write,137
P293,Knowledge,137
P531,Tough,137
P379,Point,136
P904,Happy,136
P304,Development,136
P98,Represent,136
P811,Letter,136
P412,Alone,136
P559,Up,136
P499,Attack,136
P803,Friend,136
P990,Serious,136
P431,Reality,136
P931,Imagine,136
P160,Bank,136
P972,Range,136
P324,Region,136
P178,People,136
P639,These,136
P827,Your,136
P354,Coach,136
P10,Small,136
P656,Among,135
P641,Process,135
P498,Visit,135
P721,Somebody,135
P810,Would,135
P948,Read,135
P113,Seek,135
P137,Myself,135
P67,Tree,135
P140,Charge,135
P190,Sort,135
P507,Ask,135
P448,Foreign,135
P365,Set,135
P750,Manage,135
P104,Out,135
P760,Art,135
P341,Admit,135
P301,Trouble,135
P245,Strategy,135
P928,President,134
P540,Ago,134
P66,Pressure,134
P666,Plant,134
P37,Can,134
P362,Fight,134
P169,Wonder,134
P45,Ok,134
P123,Now,134
P579,Necessary,134
P647,Painting,134
P366,Alone,134
P43,Actually,134
P620,Carry,134
P180,Including,134
P907,Music,134
P957,Foot,133
P822,Product,133
P916,Call,133
P943,Also,133
P858,Fight,133
P253,Hit,133
P614,Life,133
P502,Then,133
P548,Ground,133
P474,Deal,133
P402,Six,133
P745,Daughter,133
P650,Small,133
P472,Draw,132
P170,Case,132
P419,Nice,132
P373,Development,132
P649,Deep,132
P257,Show,132
P132,Pm,132
P544,Enter,132
P450,From,132
P979,Everything,132
P274,Community,132
P713,Where,132
P9,Produce,131
P203,Religious,131
P265,Manage,131
P400,Business,131
P520,First,131
P93,Current,131
P394,Gas,131
P635,House,131
P46,Family,131
P30,Sport,131
P958,Prepare,131
P417,Adult,131
P689,Reduce,131
P393,Interest,131
P280,Rate,130
P435,Need,130
P136,Place,130
P792,Daughter,130
P794,Doctor,130
P469,High,130
P885,Again,130
P500,Degree,130
P663,Red,130
P818,Partner,130
P215,Religious,130
P993,Risk,130
P118,But,130
P778,Hotel,130
P609,Accept,129
P127,Establish,129
P953,Tough,129
P56,Computer,129
P736,Expert,129
P606,Trade,129
P840,It,129
P449,Trial,129
P386,Situation,129
P44,Citizen,129
P776,Send,129
P576,Gun,128
P57,Wish,128
P634,Growth,128
P884,Participant,128
P218,There,128
P487,Decision,128
P815,Recent,128
P685,Compare,128
P516,Series,128
P588,Local,128
P152,Find,128
P826,Form,128
P543,Day,128
P494,Strategy,128
P607,Power,128
P630,The,128
P782,Space,127
P754,Red,127
P774,Also,127
P94,Ever,127
P1,According,127
P738,Involve,127
P303,Stay,127
P975,International,126
P48,Wind,126
P798,World,126
P475,Article,126
P806,Bag,126
P292,Language,126
P405,Event,126
P679,Call,126
P358,Either,126
P954,To,126
P348,Hospital,126
P110,Imagine,126
P622,People,125
P773,Some,125
P748,Low,125
P399,You,125
P787,Close,125
P930,Wonder,125
P473,Direction,125
P36,Think,125
P458,Remember,125
P153,Trial,124
P909,Per,124
P535,Effect,124
P978,Management,124
P1000,Such,124
P582,Church,124
P361,Staff,124
P801,Ball,124
P6,Various,123
P546,A,123
P915,Whether,123
P632,Writer,123
P165,Rather,123
P342,Read,123
P333,Television,123
P41,Always,123
P409,Character,123
P198,Police,123
P670,Rich,123
P937,Nice,122
P786,Rather,122
P470,Central,122
P252,Weight,122
P85,Choice,122
P360,Market,122
P2,Begin,122
P899,Maybe,122
P415,Car,122
P20,None,122
P889,Song,122
P383,All,122
P770,Wish,122
P644,Until,122
P143,Again,122
P701,If,121
P921,Size,121
P553,Hard,121
P223,Way,121
P374,Another,121
P144,Sense,121
P208,Someone,121
P847,Care,120
P890,Official,120
P465,Television,120
P780,Skill,120
P95,Season,120
P836,Moment,120
P570,Economic,120
P357,Price,120
P311,Example,120
P411,Tend,120
P351,Unit,119
P727,Security,119
P147,Draw,119
P284,Society,119
P617,Attention,119
P506,Energy,119
P442,Information,119
P480,Improve,119
P790,Soldier,118
P938,Treat,118
P298,Live,118
P895,Time,118
P378,End,118
P740,Table,118
P279,Wall,117
P637,Pull,117
P795,Personal,117
P424,Buy,117
P493,Song,116
P772,Country,116
P451,Yard,116
P367,Help,116
P422,Edge,115
P7,Question,115
P929,Address,114
P839,White,114
P831,Place,114
P391,Through,114
P385,Message,113
P824,Possible,113
P307,Maybe,113
P114,Particular,113
P446,Of,113
P492,Whole,113
P34,Within,112
P999,Explain,112
P432,Hear,112
P659,Statement,111
P759,Throughout,111
P964,Produce,111
P623,National,110
P900,Manage,110
P468,Hear,110
P876,Friend,110
P29,Environmental,110
P513,Add,110
P436,Way,109
P906,Ground,109
P396,Window,109
P309,So,109
P892,Clearly,109
P893,Push,109
P874,Modern,109
P225,Institution,108
P330,Place,108
P983,Far,108
P392,About,108
P965,Painting,108
P861,Program,108
P653,Similar,107
P323,Health,107
P213,Table,106
P775,Agreement,106
P757,Outside,106
P105,Beat,105
P880,Position,105
P216,Trial,105
P214,Whatever,104
P291,Impact,104
P879,To,103
P328,Home,103
P242,Expect,103
P989,Field,101
P466,Score,99
P310,Center,99
P172,Staff,95
P838,Bank,93
P325,Compare,92
P851,Network,92
P785,Federal,81
